Path,PathKey,Combination,Meaning,TriggerCount,TriggerFrequencyPercent,MeanPDEI,PDEIAmplification,AffectedUsersProxy
Path A,A,T1 ∧ T2,Data Exfiltration,65705,18.575584436145277,783.5377068716232,3.358550248003077,121646223.26899998
Path B,B,T1 ∧ T3,Persistent Backdoor,216644,61.247833720177425,355.3842430438877,1.5233163983606386,459027571.4199998
Path C,C,T2 ∧ T3,Remote Command,65925,18.637781050953166,793.9505266590821,3.403183681943623,117916220.396
Path D,D,T4 ∧ T2,Identity-mediated Exfiltration,45036,12.73221247494466,1056.136366906475,4.527015133912341,84193439.93599999
Path E,E,T4 ∧ T3,Autonomous Privilege Drift,125099,35.36697416296079,565.3288374807153,2.4232213595755296,240392890.99100003
