Path,PathKey,Combination,Meaning,TriggerCount,TriggerFrequencyPercent,MeanPDEI,PDEIAmplification,AffectedUsersProxy
Path A,A,T1 ∧ T2,Data Exfiltration,56,14.736842105263156,3504.570535714286,3.2667975366898756,3345218.0
Path B,B,T1 ∧ T3,Persistent Backdoor,268,70.52631578947368,1446.6474626865672,1.3484974319684861,13462678.0
Path C,C,T2 ∧ T3,Remote Command,49,12.894736842105264,3918.4340816326535,3.652581871333407,2507932.0
Path D,D,T4 ∧ T2,Identity-mediated Exfiltration,44,11.578947368421053,4308.875227272728,4.016532934609525,2682474.0
Path E,E,T4 ∧ T3,Autonomous Privilege Drift,215,56.57894736842105,1755.3957209302325,1.6362981879267688,10899150.0
